Date,Commit,Message,Author
2026-04-23T02:45:57Z,e322bb4bbb71632a7f647680e3a6e9f606c106ce,Merge branch 'main' of https://github.com/ap-uhtasi/HAP_ICD_MASTER_TYPST,ap-uhtasi
"2026-04-23T02:51:55Z","d48d078d8387f6f6d12ff76b19ef10c1a653bcc3","Merge branch main of https://github.com/ap-uhtasi/HAP_ICD_MASTER_TYPST","ap-uhtasi"
"2026-04-28T01:18:36Z","605e469f3ca6bd4fdd81067500f0a0fa78bd2779","Merge branch main of https://github.com/ap-uhtasi/HAP_ICD_MASTER_TYPST","ap-uhtasi"
"2026-05-13T21:35:03Z","3c0e8157505ade59d7e4d7d8dcc1c9522cc279c5","Merge pull request #4 from ap-uhtasi/ameya-branch

Ameya branch","ap-uhtasi"
"2026-06-10T20:54:00Z","de34651d93d7b58d4743e9fe31770a3432ccbe36","final changes","ap-uhtasi"
"2026-06-10T21:46:41Z","354ff1c0abe896239a105d11d9f730a0c9c57ac7","Merge branch main of https://github.com/ap-uhtasi/HAP_ICD_MASTER_TYPST","ap-uhtasi"
"2026-06-26T21:22:53Z","75240ec02b7c88ab74423489f1583c25b837e7cc","updated data source overview sections","ap-uhtasi"
"2026-06-26T23:31:22Z","606decdefb102a21086958870708db83045de77d","Merge branch main of https://github.com/ap-uhtasi/HAP_ICD_MASTER_TYPST","ataualupe"
"2026-06-26T23:55:05Z","4d911d62626c829eef0edfcdc1770e5133e8570b","Data Source Overview TMSIS section adjustment","ap-uhtasi"
