LIBNAME,MEMNAME,MEMLABEL,TYPEMEM,NAME,TYPE,LENGTH,VARNUM,LABEL,INFORMD,JUST,NPOS,NOBS,ENGINE,CRDATE,MODATE,DELOBS,IDXUSAGE,MEMTYPE,IDXCOUNT,PROTECT,FLAGS,COMPRESS,REUSE,SORTED,SORTEDBY,CHARSET,COLLATE,NODUPKEY,NODUPREC,ENCRYPT,POINTOBS,GENMAX,GENNUM,GENNEXT,TRANSCOD
OUT,QI_COMBINED_HEDIS_2024_PLD,,,AAB1_Denom,1,8,37,,0,1,176,492946,V9,7/18/2024,7/18/2024,0,NONE,DATA,0,---,---,BINARY,NO,,,,,NO,NO,NO,YES,0,,,YES
OUT,QI_COMBINED_HEDIS_2024_PLD,,,AAB1_Num,1,8,38,,0,1,184,492946,V9,7/18/2024,7/18/2024,0,NONE,DATA,0,---,---,BINARY,NO,,,,,NO,NO,NO,YES,0,,,YES
OUT,QI_COMBINED_HEDIS_2024_PLD,,,AAB2_Denom,1,8,39,,0,1,192,492946,V9,7/18/2024,7/18/2024,0,NONE,DATA,0,---,---,BINARY,NO,,,,,NO,NO,NO,YES,0,,,YES
OUT,QI_COMBINED_HEDIS_2024_PLD,,,AAB2_Num,1,8,40,,0,1,200,492946,V9,7/18/2024,7/18/2024,0,NONE,DATA,0,---,---,BINARY,NO,,,,,NO,NO,NO,YES,0,,,YES
OUT,QI_COMBINED_HEDIS_2024_PLD,,,AAB3_Denom,1,8,41,,0,1,208,492946,V9,7/18/2024,7/18/2024,0,NONE,DATA,0,---,---,BINARY,NO,,,,,NO,NO,NO,YES,0,,,YES
OUT,QI_COMBINED_HEDIS_2024_PLD,,,AAB3_Num,1,8,42,,0,1,216,492946,V9,7/18/2024,7/18/2024,0,NONE,DATA,0,---,---,BINARY,NO,,,,,NO,NO,NO,YES,0,,,YES
OUT,QI_COMBINED_HEDIS_2024_PLD,,,AAP_Denom,1,8,17,,0,1,16,492946,V9,7/18/2024,7/18/2024,0,NONE,DATA,0,---,---,BINARY,NO,,,,,NO,NO,NO,YES,0,,,YES
OUT,QI_COMBINED_HEDIS_2024_PLD,,,AAP_Num,1,8,18,,0,1,24,492946,V9,7/18/2024,7/18/2024,0,NONE,DATA,0,---,---,BINARY,NO,,,,,NO,NO,NO,YES,0,,,YES
OUT,QI_COMBINED_HEDIS_2024_PLD,,,ACP1_Denom,1,8,19,,0,1,32,492946,V9,7/18/2024,7/18/2024,0,NONE,DATA,0,---,---,BINARY,NO,,,,,NO,NO,NO,YES,0,,,YES
OUT,QI_COMBINED_HEDIS_2024_PLD,,,ACP1_Num,1,8,20,,0,1,40,492946,V9,7/18/2024,7/18/2024,0,NONE,DATA,0,---,---,BINARY,NO,,,,,NO,NO,NO,YES,0,,,YES
OUT,QI_COMBINED_HEDIS_2024_PLD,,,ACP2_Denom,1,8,21,,0,1,48,492946,V9,7/18/2024,7/18/2024,0,NONE,DATA,0,---,---,BINARY,NO,,,,,NO,NO,NO,YES,0,,,YES
OUT,QI_COMBINED_HEDIS_2024_PLD,,,ACP2_Num,1,8,22,,0,1,56,492946,V9,7/18/2024,7/18/2024,0,NONE,DATA,0,---,---,BINARY,NO,,,,,NO,NO,NO,YES,0,,,YES
OUT,QI_COMBINED_HEDIS_2024_PLD,,,ACP3_Denom,1,8,23,,0,1,64,492946,V9,7/18/2024,7/18/2024,0,NONE,DATA,0,---,---,BINARY,NO,,,,,NO,NO,NO,YES,0,,,YES
OUT,QI_COMBINED_HEDIS_2024_PLD,,,ACP3_Num,1,8,24,,0,1,72,492946,V9,7/18/2024,7/18/2024,0,NONE,DATA,0,---,---,BINARY,NO,,,,,NO,NO,NO,YES,0,,,YES
OUT,QI_COMBINED_HEDIS_2024_PLD,,,ADD1_Denom,1,8,155,,0,1,1120,492946,V9,7/18/2024,7/18/2024,0,NONE,DATA,0,---,---,BINARY,NO,,,,,NO,NO,NO,YES,0,,,YES
OUT,QI_COMBINED_HEDIS_2024_PLD,,,ADD1_Num,1,8,156,,0,1,1128,492946,V9,7/18/2024,7/18/2024,0,NONE,DATA,0,---,---,BINARY,NO,,,,,NO,NO,NO,YES,0,,,YES
OUT,QI_COMBINED_HEDIS_2024_PLD,,,ADD2_Denom,1,8,157,,0,1,1136,492946,V9,7/18/2024,7/18/2024,0,NONE,DATA,0,---,---,BINARY,NO,,,,,NO,NO,NO,YES,0,,,YES
OUT,QI_COMBINED_HEDIS_2024_PLD,,,ADD2_Num,1,8,158,,0,1,1144,492946,V9,7/18/2024,7/18/2024,0,NONE,DATA,0,---,---,BINARY,NO,,,,,NO,NO,NO,YES,0,,,YES
OUT,QI_COMBINED_HEDIS_2024_PLD,,,AMB1_Denom,1,8,25,,0,1,80,492946,V9,7/18/2024,7/18/2024,0,NONE,DATA,0,---,---,BINARY,NO,,,,,NO,NO,NO,YES,0,,,YES
OUT,QI_COMBINED_HEDIS_2024_PLD,,,AMB1_Num,1,8,26,,0,1,88,492946,V9,7/18/2024,7/18/2024,0,NONE,DATA,0,---,---,BINARY,NO,,,,,NO,NO,NO,YES,0,,,YES
OUT,QI_COMBINED_HEDIS_2024_PLD,,,AMB2_Denom,1,8,27,,0,1,96,492946,V9,7/18/2024,7/18/2024,0,NONE,DATA,0,---,---,BINARY,NO,,,,,NO,NO,NO,YES,0,,,YES
OUT,QI_COMBINED_HEDIS_2024_PLD,,,AMB2_Num,1,8,28,,0,1,104,492946,V9,7/18/2024,7/18/2024,0,NONE,DATA,0,---,---,BINARY,NO,,,,,NO,NO,NO,YES,0,,,YES
OUT,QI_COMBINED_HEDIS_2024_PLD,,,AMB3_Denom,1,8,29,,0,1,112,492946,V9,7/18/2024,7/18/2024,0,NONE,DATA,0,---,---,BINARY,NO,,,,,NO,NO,NO,YES,0,,,YES
OUT,QI_COMBINED_HEDIS_2024_PLD,,,AMB3_Num,1,8,30,,0,1,120,492946,V9,7/18/2024,7/18/2024,0,NONE,DATA,0,---,---,BINARY,NO,,,,,NO,NO,NO,YES,0,,,YES
OUT,QI_COMBINED_HEDIS_2024_PLD,,,AMM1_Denom,1,8,31,,0,1,128,492946,V9,7/18/2024,7/18/2024,0,NONE,DATA,0,---,---,BINARY,NO,,,,,NO,NO,NO,YES,0,,,YES
OUT,QI_COMBINED_HEDIS_2024_PLD,,,AMM1_Num,1,8,32,,0,1,136,492946,V9,7/18/2024,7/18/2024,0,NONE,DATA,0,---,---,BINARY,NO,,,,,NO,NO,NO,YES,0,,,YES
OUT,QI_COMBINED_HEDIS_2024_PLD,,,AMM2_Denom,1,8,33,,0,1,144,492946,V9,7/18/2024,7/18/2024,0,NONE,DATA,0,---,---,BINARY,NO,,,,,NO,NO,NO,YES,0,,,YES
OUT,QI_COMBINED_HEDIS_2024_PLD,,,AMM2_Num,1,8,34,,0,1,152,492946,V9,7/18/2024,7/18/2024,0,NONE,DATA,0,---,---,BINARY,NO,,,,,NO,NO,NO,YES,0,,,YES
OUT,QI_COMBINED_HEDIS_2024_PLD,,,AMR_Denom,1,8,35,,0,1,160,492946,V9,7/18/2024,7/18/2024,0,NONE,DATA,0,---,---,BINARY,NO,,,,,NO,NO,NO,YES,0,,,YES
OUT,QI_COMBINED_HEDIS_2024_PLD,,,AMR_Num,1,8,36,,0,1,168,492946,V9,7/18/2024,7/18/2024,0,NONE,DATA,0,---,---,BINARY,NO,,,,,NO,NO,NO,YES,0,,,YES
OUT,QI_COMBINED_HEDIS_2024_PLD,,,APM1_Denom,1,8,234,,0,1,1752,492946,V9,7/18/2024,7/18/2024,0,NONE,DATA,0,---,---,BINARY,NO,,,,,NO,NO,NO,YES,0,,,YES
OUT,QI_COMBINED_HEDIS_2024_PLD,,,APM1_Num,1,8,235,,0,1,1760,492946,V9,7/18/2024,7/18/2024,0,NONE,DATA,0,---,---,BINARY,NO,,,,,NO,NO,NO,YES,0,,,YES
OUT,QI_COMBINED_HEDIS_2024_PLD,,,APM2_Denom,1,8,236,,0,1,1768,492946,V9,7/18/2024,7/18/2024,0,NONE,DATA,0,---,---,BINARY,NO,,,,,NO,NO,NO,YES,0,,,YES
OUT,QI_COMBINED_HEDIS_2024_PLD,,,APM2_Num,1,8,237,,0,1,1776,492946,V9,7/18/2024,7/18/2024,0,NONE,DATA,0,---,---,BINARY,NO,,,,,NO,NO,NO,YES,0,,,YES
OUT,QI_COMBINED_HEDIS_2024_PLD,,,APM3_Denom,1,8,238,,0,1,1784,492946,V9,7/18/2024,7/18/2024,0,NONE,DATA,0,---,---,BINARY,NO,,,,,NO,NO,NO,YES,0,,,YES
OUT,QI_COMBINED_HEDIS_2024_PLD,,,APM3_Num,1,8,239,,0,1,1792,492946,V9,7/18/2024,7/18/2024,0,NONE,DATA,0,---,---,BINARY,NO,,,,,NO,NO,NO,YES,0,,,YES
OUT,QI_COMBINED_HEDIS_2024_PLD,,,APP_Denom,1,8,282,,0,1,2136,492946,V9,7/18/2024,7/18/2024,0,NONE,DATA,0,---,---,BINARY,NO,,,,,NO,NO,NO,YES,0,,,YES
OUT,QI_COMBINED_HEDIS_2024_PLD,,,APP_Num,1,8,283,,0,1,2144,492946,V9,7/18/2024,7/18/2024,0,NONE,DATA,0,---,---,BINARY,NO,,,,,NO,NO,NO,YES,0,,,YES
OUT,QI_COMBINED_HEDIS_2024_PLD,,,BCS_Denom,1,8,46,,0,1,248,492946,V9,7/18/2024,7/18/2024,0,NONE,DATA,0,---,---,BINARY,NO,,,,,NO,NO,NO,YES,0,,,YES
OUT,QI_COMBINED_HEDIS_2024_PLD,,,BCS_Num,1,8,47,,0,1,256,492946,V9,7/18/2024,7/18/2024,0,NONE,DATA,0,---,---,BINARY,NO,,,,,NO,NO,NO,YES,0,,,YES
OUT,QI_COMBINED_HEDIS_2024_PLD,,,BPD_Denom,1,8,44,,0,1,232,492946,V9,7/18/2024,7/18/2024,0,NONE,DATA,0,---,---,BINARY,NO,,,,,NO,NO,NO,YES,0,,,YES
OUT,QI_COMBINED_HEDIS_2024_PLD,,,BPD_EP,1,8,43,,0,1,224,492946,V9,7/18/2024,7/18/2024,0,NONE,DATA,0,---,---,BINARY,NO,,,,,NO,NO,NO,YES,0,,,YES
OUT,QI_COMBINED_HEDIS_2024_PLD,,,BPD_Num,1,8,45,,0,1,240,492946,V9,7/18/2024,7/18/2024,0,NONE,DATA,0,---,---,BINARY,NO,,,,,NO,NO,NO,YES,0,,,YES
OUT,QI_COMBINED_HEDIS_2024_PLD,,,CBP_Denom,1,8,99,,0,1,672,492946,V9,7/18/2024,7/18/2024,0,NONE,DATA,0,---,---,BINARY,NO,,,,,NO,NO,NO,YES,0,,,YES
OUT,QI_COMBINED_HEDIS_2024_PLD,,,CBP_EP,1,8,98,,0,1,664,492946,V9,7/18/2024,7/18/2024,0,NONE,DATA,0,---,---,BINARY,NO,,,,,NO,NO,NO,YES,0,,,YES
OUT,QI_COMBINED_HEDIS_2024_PLD,,,CBP_Num,1,8,100,,0,1,680,492946,V9,7/18/2024,7/18/2024,0,NONE,DATA,0,---,---,BINARY,NO,,,,,NO,NO,NO,YES,0,,,YES
OUT,QI_COMBINED_HEDIS_2024_PLD,,,CCP_AD1_Denom,1,8,83,,0,1,544,492946,V9,7/18/2024,7/18/2024,0,NONE,DATA,0,---,---,BINARY,NO,,,,,NO,NO,NO,YES,0,,,YES
OUT,QI_COMBINED_HEDIS_2024_PLD,,,CCP_AD1_Num,1,8,84,,0,1,552,492946,V9,7/18/2024,7/18/2024,0,NONE,DATA,0,---,---,BINARY,NO,,,,,NO,NO,NO,YES,0,,,YES
OUT,QI_COMBINED_HEDIS_2024_PLD,,,CCP_AD2_Denom,1,8,87,,0,1,576,492946,V9,7/18/2024,7/18/2024,0,NONE,DATA,0,---,---,BINARY,NO,,,,,NO,NO,NO,YES,0,,,YES
OUT,QI_COMBINED_HEDIS_2024_PLD,,,CCP_AD2_Num,1,8,88,,0,1,584,492946,V9,7/18/2024,7/18/2024,0,NONE,DATA,0,---,---,BINARY,NO,,,,,NO,NO,NO,YES,0,,,YES
OUT,QI_COMBINED_HEDIS_2024_PLD,,,CCP_AD3_Denom,1,8,92,,0,1,616,492946,V9,7/18/2024,7/18/2024,0,NONE,DATA,0,---,---,BINARY,NO,,,,,NO,NO,NO,YES,0,,,YES
OUT,QI_COMBINED_HEDIS_2024_PLD,,,CCP_AD3_Num,1,8,93,,0,1,624,492946,V9,7/18/2024,7/18/2024,0,NONE,DATA,0,---,---,BINARY,NO,,,,,NO,NO,NO,YES,0,,,YES
OUT,QI_COMBINED_HEDIS_2024_PLD,,,CCP_AD4_Denom,1,8,96,,0,1,648,492946,V9,7/18/2024,7/18/2024,0,NONE,DATA,0,---,---,BINARY,NO,,,,,NO,NO,NO,YES,0,,,YES
OUT,QI_COMBINED_HEDIS_2024_PLD,,,CCP_AD4_Num,1,8,97,,0,1,656,492946,V9,7/18/2024,7/18/2024,0,NONE,DATA,0,---,---,BINARY,NO,,,,,NO,NO,NO,YES,0,,,YES
OUT,QI_COMBINED_HEDIS_2024_PLD,,,CCP_CH1_Denom,1,8,89,,0,1,592,492946,V9,7/18/2024,7/18/2024,0,NONE,DATA,0,---,---,BINARY,NO,,,,,NO,NO,NO,YES,0,,,YES
OUT,QI_COMBINED_HEDIS_2024_PLD,,,CCP_CH1_Num,1,8,82,,0,1,536,492946,V9,7/18/2024,7/18/2024,0,NONE,DATA,0,---,---,BINARY,NO,,,,,NO,NO,NO,YES,0,,,YES
OUT,QI_COMBINED_HEDIS_2024_PLD,,,CCP_CH2_Denom,1,8,85,,0,1,560,492946,V9,7/18/2024,7/18/2024,0,NONE,DATA,0,---,---,BINARY,NO,,,,,NO,NO,NO,YES,0,,,YES
OUT,QI_COMBINED_HEDIS_2024_PLD,,,CCP_CH2_Num,1,8,86,,0,1,568,492946,V9,7/18/2024,7/18/2024,0,NONE,DATA,0,---,---,BINARY,NO,,,,,NO,NO,NO,YES,0,,,YES
OUT,QI_COMBINED_HEDIS_2024_PLD,,,CCP_CH3_Denom,1,8,90,,0,1,600,492946,V9,7/18/2024,7/18/2024,0,NONE,DATA,0,---,---,BINARY,NO,,,,,NO,NO,NO,YES,0,,,YES
OUT,QI_COMBINED_HEDIS_2024_PLD,,,CCP_CH3_Num,1,8,91,,0,1,608,492946,V9,7/18/2024,7/18/2024,0,NONE,DATA,0,---,---,BINARY,NO,,,,,NO,NO,NO,YES,0,,,YES
OUT,QI_COMBINED_HEDIS_2024_PLD,,,CCP_CH4_Denom,1,8,94,,0,1,632,492946,V9,7/18/2024,7/18/2024,0,NONE,DATA,0,---,---,BINARY,NO,,,,,NO,NO,NO,YES,0,,,YES
OUT,QI_COMBINED_HEDIS_2024_PLD,,,CCP_CH4_Num,1,8,95,,0,1,640,492946,V9,7/18/2024,7/18/2024,0,NONE,DATA,0,---,---,BINARY,NO,,,,,NO,NO,NO,YES,0,,,YES
OUT,QI_COMBINED_HEDIS_2024_PLD,,,CCS_Denom,1,8,49,,0,1,272,492946,V9,7/18/2024,7/18/2024,0,NONE,DATA,0,---,---,BINARY,NO,,,,,NO,NO,NO,YES,0,,,YES
OUT,QI_COMBINED_HEDIS_2024_PLD,,,CCS_EP,1,8,48,,0,1,264,492946,V9,7/18/2024,7/18/2024,0,NONE,DATA,0,---,---,BINARY,NO,,,,,NO,NO,NO,YES,0,,,YES
OUT,QI_COMBINED_HEDIS_2024_PLD,,,CCS_Num,1,8,50,,0,1,280,492946,V9,7/18/2024,7/18/2024,0,NONE,DATA,0,---,---,BINARY,NO,,,,,NO,NO,NO,YES,0,,,YES
OUT,QI_COMBINED_HEDIS_2024_PLD,,,CCW_AD1_Denom,1,8,81,,0,1,528,492946,V9,7/18/2024,7/18/2024,0,NONE,DATA,0,---,---,BINARY,NO,,,,,NO,NO,NO,YES,0,,,YES
OUT,QI_COMBINED_HEDIS_2024_PLD,,,CCW_AD1_Num,1,8,75,,0,1,480,492946,V9,7/18/2024,7/18/2024,0,NONE,DATA,0,---,---,BINARY,NO,,,,,NO,NO,NO,YES,0,,,YES
OUT,QI_COMBINED_HEDIS_2024_PLD,,,CCW_AD2_Denom,1,8,78,,0,1,504,492946,V9,7/18/2024,7/18/2024,0,NONE,DATA,0,---,---,BINARY,NO,,,,,NO,NO,NO,YES,0,,,YES
OUT,QI_COMBINED_HEDIS_2024_PLD,,,CCW_AD2_Num,1,8,79,,0,1,512,492946,V9,7/18/2024,7/18/2024,0,NONE,DATA,0,---,---,BINARY,NO,,,,,NO,NO,NO,YES,0,,,YES
OUT,QI_COMBINED_HEDIS_2024_PLD,,,CCW_CH1_Denom,1,8,80,,0,1,520,492946,V9,7/18/2024,7/18/2024,0,NONE,DATA,0,---,---,BINARY,NO,,,,,NO,NO,NO,YES,0,,,YES
OUT,QI_COMBINED_HEDIS_2024_PLD,,,CCW_CH1_Num,1,8,74,,0,1,472,492946,V9,7/18/2024,7/18/2024,0,NONE,DATA,0,---,---,BINARY,NO,,,,,NO,NO,NO,YES,0,,,YES
OUT,QI_COMBINED_HEDIS_2024_PLD,,,CCW_CH2_Denom,1,8,76,,0,1,488,492946,V9,7/18/2024,7/18/2024,0,NONE,DATA,0,---,---,BINARY,NO,,,,,NO,NO,NO,YES,0,,,YES
OUT,QI_COMBINED_HEDIS_2024_PLD,,,CCW_CH2_Num,1,8,77,,0,1,496,492946,V9,7/18/2024,7/18/2024,0,NONE,DATA,0,---,---,BINARY,NO,,,,,NO,NO,NO,YES,0,,,YES
OUT,QI_COMBINED_HEDIS_2024_PLD,,,CDF1_Denom,1,8,276,,0,1,2088,492946,V9,7/18/2024,7/18/2024,0,NONE,DATA,0,---,---,BINARY,NO,,,,,NO,NO,NO,YES,0,,,YES
OUT,QI_COMBINED_HEDIS_2024_PLD,,,CDF1_Num,1,8,277,,0,1,2096,492946,V9,7/18/2024,7/18/2024,0,NONE,DATA,0,---,---,BINARY,NO,,,,,NO,NO,NO,YES,0,,,YES
OUT,QI_COMBINED_HEDIS_2024_PLD,,,CDF2_Denom,1,8,278,,0,1,2104,492946,V9,7/18/2024,7/18/2024,0,NONE,DATA,0,---,---,BINARY,NO,,,,,NO,NO,NO,YES,0,,,YES
OUT,QI_COMBINED_HEDIS_2024_PLD,,,CDF2_Num,1,8,279,,0,1,2112,492946,V9,7/18/2024,7/18/2024,0,NONE,DATA,0,---,---,BINARY,NO,,,,,NO,NO,NO,YES,0,,,YES
OUT,QI_COMBINED_HEDIS_2024_PLD,,,CDF3_Denom,1,8,280,,0,1,2120,492946,V9,7/18/2024,7/18/2024,0,NONE,DATA,0,---,---,BINARY,NO,,,,,NO,NO,NO,YES,0,,,YES
OUT,QI_COMBINED_HEDIS_2024_PLD,,,CDF3_Num,1,8,281,,0,1,2128,492946,V9,7/18/2024,7/18/2024,0,NONE,DATA,0,---,---,BINARY,NO,,,,,NO,NO,NO,YES,0,,,YES
OUT,QI_COMBINED_HEDIS_2024_PLD,,,CHL_Denom,1,8,68,,0,1,424,492946,V9,7/18/2024,7/18/2024,0,NONE,DATA,0,---,---,BINARY,NO,,,,,NO,NO,NO,YES,0,,,YES
OUT,QI_COMBINED_HEDIS_2024_PLD,,,CHL_Num,1,8,69,,0,1,432,492946,V9,7/18/2024,7/18/2024,0,NONE,DATA,0,---,---,BINARY,NO,,,,,NO,NO,NO,YES,0,,,YES
OUT,QI_COMBINED_HEDIS_2024_PLD,,,CIS10_Num,1,8,64,,0,1,392,492946,V9,7/18/2024,7/18/2024,0,NONE,DATA,0,---,---,BINARY,NO,,,,,NO,NO,NO,YES,0,,,YES
OUT,QI_COMBINED_HEDIS_2024_PLD,,,CIS11_Num,1,8,65,,0,1,400,492946,V9,7/18/2024,7/18/2024,0,NONE,DATA,0,---,---,BINARY,NO,,,,,NO,NO,NO,YES,0,,,YES
OUT,QI_COMBINED_HEDIS_2024_PLD,,,CIS12_Num,1,8,66,,0,1,408,492946,V9,7/18/2024,7/18/2024,0,NONE,DATA,0,---,---,BINARY,NO,,,,,NO,NO,NO,YES,0,,,YES
OUT,QI_COMBINED_HEDIS_2024_PLD,,,CIS13_Num,1,8,67,,0,1,416,492946,V9,7/18/2024,7/18/2024,0,NONE,DATA,0,---,---,BINARY,NO,,,,,NO,NO,NO,YES,0,,,YES
OUT,QI_COMBINED_HEDIS_2024_PLD,,,CIS1_Num,1,8,55,,0,1,320,492946,V9,7/18/2024,7/18/2024,0,NONE,DATA,0,---,---,BINARY,NO,,,,,NO,NO,NO,YES,0,,,YES
OUT,QI_COMBINED_HEDIS_2024_PLD,,,CIS2_Num,1,8,56,,0,1,328,492946,V9,7/18/2024,7/18/2024,0,NONE,DATA,0,---,---,BINARY,NO,,,,,NO,NO,NO,YES,0,,,YES
OUT,QI_COMBINED_HEDIS_2024_PLD,,,CIS3_Num,1,8,57,,0,1,336,492946,V9,7/18/2024,7/18/2024,0,NONE,DATA,0,---,---,BINARY,NO,,,,,NO,NO,NO,YES,0,,,YES
OUT,QI_COMBINED_HEDIS_2024_PLD,,,CIS4_Num,1,8,58,,0,1,344,492946,V9,7/18/2024,7/18/2024,0,NONE,DATA,0,---,---,BINARY,NO,,,,,NO,NO,NO,YES,0,,,YES
OUT,QI_COMBINED_HEDIS_2024_PLD,,,CIS5_Num,1,8,59,,0,1,352,492946,V9,7/18/2024,7/18/2024,0,NONE,DATA,0,---,---,BINARY,NO,,,,,NO,NO,NO,YES,0,,,YES
OUT,QI_COMBINED_HEDIS_2024_PLD,,,CIS6_Num,1,8,60,,0,1,360,492946,V9,7/18/2024,7/18/2024,0,NONE,DATA,0,---,---,BINARY,NO,,,,,NO,NO,NO,YES,0,,,YES
OUT,QI_COMBINED_HEDIS_2024_PLD,,,CIS7_Num,1,8,61,,0,1,368,492946,V9,7/18/2024,7/18/2024,0,NONE,DATA,0,---,---,BINARY,NO,,,,,NO,NO,NO,YES,0,,,YES
OUT,QI_COMBINED_HEDIS_2024_PLD,,,CIS8_Num,1,8,62,,0,1,376,492946,V9,7/18/2024,7/18/2024,0,NONE,DATA,0,---,---,BINARY,NO,,,,,NO,NO,NO,YES,0,,,YES
OUT,QI_COMBINED_HEDIS_2024_PLD,,,CIS9_Num,1,8,63,,0,1,384,492946,V9,7/18/2024,7/18/2024,0,NONE,DATA,0,---,---,BINARY,NO,,,,,NO,NO,NO,YES,0,,,YES
OUT,QI_COMBINED_HEDIS_2024_PLD,,,CIS_Denom,1,8,54,,0,1,312,492946,V9,7/18/2024,7/18/2024,0,NONE,DATA,0,---,---,BINARY,NO,,,,,NO,NO,NO,YES,0,,,YES
OUT,QI_COMBINED_HEDIS_2024_PLD,,,CIS_EP,1,8,53,,0,1,304,492946,V9,7/18/2024,7/18/2024,0,NONE,DATA,0,---,---,BINARY,NO,,,,,NO,NO,NO,YES,0,,,YES
OUT,QI_COMBINED_HEDIS_2024_PLD,,,COB_AD_Denom,1,8,72,,0,1,456,492946,V9,7/18/2024,7/18/2024,0,NONE,DATA,0,---,---,BINARY,NO,,,,,NO,NO,NO,YES,0,,,YES
OUT,QI_COMBINED_HEDIS_2024_PLD,,,COB_AD_Num,1,8,73,,0,1,464,492946,V9,7/18/2024,7/18/2024,0,NONE,DATA,0,---,---,BINARY,NO,,,,,NO,NO,NO,YES,0,,,YES
OUT,QI_COMBINED_HEDIS_2024_PLD,,,COL_Denom,1,8,70,,0,1,440,492946,V9,7/18/2024,7/18/2024,0,NONE,DATA,0,---,---,BINARY,NO,,,,,NO,NO,NO,YES,0,,,YES
OUT,QI_COMBINED_HEDIS_2024_PLD,,,COL_Num,1,8,71,,0,1,448,492946,V9,7/18/2024,7/18/2024,0,NONE,DATA,0,---,---,BINARY,NO,,,,,NO,NO,NO,YES,0,,,YES
OUT,QI_COMBINED_HEDIS_2024_PLD,,,ContractType,2,22,11,,0,0,2683,492946,V9,7/18/2024,7/18/2024,0,NONE,DATA,0,---,---,BINARY,NO,,,,,NO,NO,NO,YES,0,,,YES
OUT,QI_COMBINED_HEDIS_2024_PLD,,,DEV_CH_Denom,1,8,102,,0,1,696,492946,V9,7/18/2024,7/18/2024,0,NONE,DATA,0,---,---,BINARY,NO,,,,,NO,NO,NO,YES,0,,,YES
OUT,QI_COMBINED_HEDIS_2024_PLD,,,DEV_CH_EP,1,8,101,,0,1,688,492946,V9,7/18/2024,7/18/2024,0,NONE,DATA,0,---,---,BINARY,NO,,,,,NO,NO,NO,YES,0,,,YES
OUT,QI_COMBINED_HEDIS_2024_PLD,,,DEV_CH_Num,1,8,103,,0,1,704,492946,V9,7/18/2024,7/18/2024,0,NONE,DATA,0,---,---,BINARY,NO,,,,,NO,NO,NO,YES,0,,,YES
OUT,QI_COMBINED_HEDIS_2024_PLD,,,DMH_Denom,1,8,109,,0,1,752,492946,V9,7/18/2024,7/18/2024,0,NONE,DATA,0,---,---,BINARY,NO,,,,,NO,NO,NO,YES,0,,,YES
OUT,QI_COMBINED_HEDIS_2024_PLD,,,DMH_Num,1,8,110,,0,1,760,492946,V9,7/18/2024,7/18/2024,0,NONE,DATA,0,---,---,BINARY,NO,,,,,NO,NO,NO,YES,0,,,YES
OUT,QI_COMBINED_HEDIS_2024_PLD,,,DOB,2,20,5,,0,0,2483,492946,V9,7/18/2024,7/18/2024,0,NONE,DATA,0,---,---,BINARY,NO,,,,,NO,NO,NO,YES,0,,,YES
OUT,QI_COMBINED_HEDIS_2024_PLD,,,Dual_month,2,14,12,,0,0,2705,492946,V9,7/18/2024,7/18/2024,0,NONE,DATA,0,---,---,BINARY,NO,,,,,NO,NO,NO,YES,0,,,YES
OUT,QI_COMBINED_HEDIS_2024_PLD,,,EED_Denom,1,8,113,,0,1,784,492946,V9,7/18/2024,7/18/2024,0,NONE,DATA,0,---,---,BINARY,NO,,,,,NO,NO,NO,YES,0,,,YES
OUT,QI_COMBINED_HEDIS_2024_PLD,,,EED_EP,1,8,112,,0,1,776,492946,V9,7/18/2024,7/18/2024,0,NONE,DATA,0,---,---,BINARY,NO,,,,,NO,NO,NO,YES,0,,,YES
OUT,QI_COMBINED_HEDIS_2024_PLD,,,EED_Num,1,8,114,,0,1,792,492946,V9,7/18/2024,7/18/2024,0,NONE,DATA,0,---,---,BINARY,NO,,,,,NO,NO,NO,YES,0,,,YES
OUT,QI_COMBINED_HEDIS_2024_PLD,,,ENPA_,1,8,111,,0,1,768,492946,V9,7/18/2024,7/18/2024,0,NONE,DATA,0,---,---,BINARY,NO,,,,,NO,NO,NO,YES,0,,,YES
OUT,QI_COMBINED_HEDIS_2024_PLD,,,FUA1_Denom,1,8,127,,0,1,896,492946,V9,7/18/2024,7/18/2024,0,NONE,DATA,0,---,---,BINARY,NO,,,,,NO,NO,NO,YES,0,,,YES
OUT,QI_COMBINED_HEDIS_2024_PLD,,,FUA1_Num,1,8,128,,0,1,904,492946,V9,7/18/2024,7/18/2024,0,NONE,DATA,0,---,---,BINARY,NO,,,,,NO,NO,NO,YES,0,,,YES
OUT,QI_COMBINED_HEDIS_2024_PLD,,,FUA2_Denom,1,8,129,,0,1,912,492946,V9,7/18/2024,7/18/2024,0,NONE,DATA,0,---,---,BINARY,NO,,,,,NO,NO,NO,YES,0,,,YES
OUT,QI_COMBINED_HEDIS_2024_PLD,,,FUA2_Num,1,8,130,,0,1,920,492946,V9,7/18/2024,7/18/2024,0,NONE,DATA,0,---,---,BINARY,NO,,,,,NO,NO,NO,YES,0,,,YES
OUT,QI_COMBINED_HEDIS_2024_PLD,,,FUA3_Denom,1,8,131,,0,1,928,492946,V9,7/18/2024,7/18/2024,0,NONE,DATA,0,---,---,BINARY,NO,,,,,NO,NO,NO,YES,0,,,YES
OUT,QI_COMBINED_HEDIS_2024_PLD,,,FUA3_Num,1,8,132,,0,1,936,492946,V9,7/18/2024,7/18/2024,0,NONE,DATA,0,---,---,BINARY,NO,,,,,NO,NO,NO,YES,0,,,YES
OUT,QI_COMBINED_HEDIS_2024_PLD,,,FUA4_Denom,1,8,133,,0,1,944,492946,V9,7/18/2024,7/18/2024,0,NONE,DATA,0,---,---,BINARY,NO,,,,,NO,NO,NO,YES,0,,,YES
OUT,QI_COMBINED_HEDIS_2024_PLD,,,FUA4_Num,1,8,134,,0,1,952,492946,V9,7/18/2024,7/18/2024,0,NONE,DATA,0,---,---,BINARY,NO,,,,,NO,NO,NO,YES,0,,,YES
OUT,QI_COMBINED_HEDIS_2024_PLD,,,FUA5_Denom,1,8,135,,0,1,960,492946,V9,7/18/2024,7/18/2024,0,NONE,DATA,0,---,---,BINARY,NO,,,,,NO,NO,NO,YES,0,,,YES
OUT,QI_COMBINED_HEDIS_2024_PLD,,,FUA5_Num,1,8,136,,0,1,968,492946,V9,7/18/2024,7/18/2024,0,NONE,DATA,0,---,---,BINARY,NO,,,,,NO,NO,NO,YES,0,,,YES
OUT,QI_COMBINED_HEDIS_2024_PLD,,,FUA6_Denom,1,8,137,,0,1,976,492946,V9,7/18/2024,7/18/2024,0,NONE,DATA,0,---,---,BINARY,NO,,,,,NO,NO,NO,YES,0,,,YES
OUT,QI_COMBINED_HEDIS_2024_PLD,,,FUA6_Num,1,8,138,,0,1,984,492946,V9,7/18/2024,7/18/2024,0,NONE,DATA,0,---,---,BINARY,NO,,,,,NO,NO,NO,YES,0,,,YES
OUT,QI_COMBINED_HEDIS_2024_PLD,,,FUH1_Denom,1,8,139,,0,1,992,492946,V9,7/18/2024,7/18/2024,0,NONE,DATA,0,---,---,BINARY,NO,,,,,NO,NO,NO,YES,0,,,YES
OUT,QI_COMBINED_HEDIS_2024_PLD,,,FUH1_Num,1,8,140,,0,1,1000,492946,V9,7/18/2024,7/18/2024,0,NONE,DATA,0,---,---,BINARY,NO,,,,,NO,NO,NO,YES,0,,,YES
OUT,QI_COMBINED_HEDIS_2024_PLD,,,FUH2_Denom,1,8,141,,0,1,1008,492946,V9,7/18/2024,7/18/2024,0,NONE,DATA,0,---,---,BINARY,NO,,,,,NO,NO,NO,YES,0,,,YES
OUT,QI_COMBINED_HEDIS_2024_PLD,,,FUH2_Num,1,8,142,,0,1,1016,492946,V9,7/18/2024,7/18/2024,0,NONE,DATA,0,---,---,BINARY,NO,,,,,NO,NO,NO,YES,0,,,YES
OUT,QI_COMBINED_HEDIS_2024_PLD,,,FUH3_Denom,1,8,143,,0,1,1024,492946,V9,7/18/2024,7/18/2024,0,NONE,DATA,0,---,---,BINARY,NO,,,,,NO,NO,NO,YES,0,,,YES
OUT,QI_COMBINED_HEDIS_2024_PLD,,,FUH3_Num,1,8,144,,0,1,1032,492946,V9,7/18/2024,7/18/2024,0,NONE,DATA,0,---,---,BINARY,NO,,,,,NO,NO,NO,YES,0,,,YES
OUT,QI_COMBINED_HEDIS_2024_PLD,,,FUH4_Denom,1,8,145,,0,1,1040,492946,V9,7/18/2024,7/18/2024,0,NONE,DATA,0,---,---,BINARY,NO,,,,,NO,NO,NO,YES,0,,,YES
OUT,QI_COMBINED_HEDIS_2024_PLD,,,FUH4_Num,1,8,146,,0,1,1048,492946,V9,7/18/2024,7/18/2024,0,NONE,DATA,0,---,---,BINARY,NO,,,,,NO,NO,NO,YES,0,,,YES
OUT,QI_COMBINED_HEDIS_2024_PLD,,,FUH5_Denom,1,8,147,,0,1,1056,492946,V9,7/18/2024,7/18/2024,0,NONE,DATA,0,---,---,BINARY,NO,,,,,NO,NO,NO,YES,0,,,YES
OUT,QI_COMBINED_HEDIS_2024_PLD,,,FUH5_Num,1,8,148,,0,1,1064,492946,V9,7/18/2024,7/18/2024,0,NONE,DATA,0,---,---,BINARY,NO,,,,,NO,NO,NO,YES,0,,,YES
OUT,QI_COMBINED_HEDIS_2024_PLD,,,FUH6_Denom,1,8,149,,0,1,1072,492946,V9,7/18/2024,7/18/2024,0,NONE,DATA,0,---,---,BINARY,NO,,,,,NO,NO,NO,YES,0,,,YES
OUT,QI_COMBINED_HEDIS_2024_PLD,,,FUH6_Num,1,8,150,,0,1,1080,492946,V9,7/18/2024,7/18/2024,0,NONE,DATA,0,---,---,BINARY,NO,,,,,NO,NO,NO,YES,0,,,YES
OUT,QI_COMBINED_HEDIS_2024_PLD,,,FUH7_Denom,1,8,151,,0,1,1088,492946,V9,7/18/2024,7/18/2024,0,NONE,DATA,0,---,---,BINARY,NO,,,,,NO,NO,NO,YES,0,,,YES
OUT,QI_COMBINED_HEDIS_2024_PLD,,,FUH7_Num,1,8,152,,0,1,1096,492946,V9,7/18/2024,7/18/2024,0,NONE,DATA,0,---,---,BINARY,NO,,,,,NO,NO,NO,YES,0,,,YES
OUT,QI_COMBINED_HEDIS_2024_PLD,,,FUH8_Denom,1,8,153,,0,1,1104,492946,V9,7/18/2024,7/18/2024,0,NONE,DATA,0,---,---,BINARY,NO,,,,,NO,NO,NO,YES,0,,,YES
OUT,QI_COMBINED_HEDIS_2024_PLD,,,FUH8_Num,1,8,154,,0,1,1112,492946,V9,7/18/2024,7/18/2024,0,NONE,DATA,0,---,---,BINARY,NO,,,,,NO,NO,NO,YES,0,,,YES
OUT,QI_COMBINED_HEDIS_2024_PLD,,,FUM1_Denom,1,8,115,,0,1,800,492946,V9,7/18/2024,7/18/2024,0,NONE,DATA,0,---,---,BINARY,NO,,,,,NO,NO,NO,YES,0,,,YES
OUT,QI_COMBINED_HEDIS_2024_PLD,,,FUM1_Num,1,8,116,,0,1,808,492946,V9,7/18/2024,7/18/2024,0,NONE,DATA,0,---,---,BINARY,NO,,,,,NO,NO,NO,YES,0,,,YES
OUT,QI_COMBINED_HEDIS_2024_PLD,,,FUM2_Denom,1,8,117,,0,1,816,492946,V9,7/18/2024,7/18/2024,0,NONE,DATA,0,---,---,BINARY,NO,,,,,NO,NO,NO,YES,0,,,YES
OUT,QI_COMBINED_HEDIS_2024_PLD,,,FUM2_Num,1,8,118,,0,1,824,492946,V9,7/18/2024,7/18/2024,0,NONE,DATA,0,---,---,BINARY,NO,,,,,NO,NO,NO,YES,0,,,YES
OUT,QI_COMBINED_HEDIS_2024_PLD,,,FUM3_Denom,1,8,119,,0,1,832,492946,V9,7/18/2024,7/18/2024,0,NONE,DATA,0,---,---,BINARY,NO,,,,,NO,NO,NO,YES,0,,,YES
OUT,QI_COMBINED_HEDIS_2024_PLD,,,FUM3_Num,1,8,120,,0,1,840,492946,V9,7/18/2024,7/18/2024,0,NONE,DATA,0,---,---,BINARY,NO,,,,,NO,NO,NO,YES,0,,,YES
OUT,QI_COMBINED_HEDIS_2024_PLD,,,FUM4_Denom,1,8,121,,0,1,848,492946,V9,7/18/2024,7/18/2024,0,NONE,DATA,0,---,---,BINARY,NO,,,,,NO,NO,NO,YES,0,,,YES
OUT,QI_COMBINED_HEDIS_2024_PLD,,,FUM4_Num,1,8,122,,0,1,856,492946,V9,7/18/2024,7/18/2024,0,NONE,DATA,0,---,---,BINARY,NO,,,,,NO,NO,NO,YES,0,,,YES
OUT,QI_COMBINED_HEDIS_2024_PLD,,,FUM5_Denom,1,8,123,,0,1,864,492946,V9,7/18/2024,7/18/2024,0,NONE,DATA,0,---,---,BINARY,NO,,,,,NO,NO,NO,YES,0,,,YES
OUT,QI_COMBINED_HEDIS_2024_PLD,,,FUM5_Num,1,8,124,,0,1,872,492946,V9,7/18/2024,7/18/2024,0,NONE,DATA,0,---,---,BINARY,NO,,,,,NO,NO,NO,YES,0,,,YES
OUT,QI_COMBINED_HEDIS_2024_PLD,,,FUM6_Denom,1,8,125,,0,1,880,492946,V9,7/18/2024,7/18/2024,0,NONE,DATA,0,---,---,BINARY,NO,,,,,NO,NO,NO,YES,0,,,YES
OUT,QI_COMBINED_HEDIS_2024_PLD,,,FUM6_Num,1,8,126,,0,1,888,492946,V9,7/18/2024,7/18/2024,0,NONE,DATA,0,---,---,BINARY,NO,,,,,NO,NO,NO,YES,0,,,YES
OUT,QI_COMBINED_HEDIS_2024_PLD,,,Fname,2,62,4,,0,0,2421,492946,V9,7/18/2024,7/18/2024,0,NONE,DATA,0,---,---,BINARY,NO,,,,,NO,NO,NO,YES,0,,,YES
OUT,QI_COMBINED_HEDIS_2024_PLD,,,Gender,2,13,6,,0,0,2503,492946,V9,7/18/2024,7/18/2024,0,NONE,DATA,0,---,---,BINARY,NO,,,,,NO,NO,NO,YES,0,,,YES
OUT,QI_COMBINED_HEDIS_2024_PLD,,,HBD1_Denom,1,8,160,,0,1,1160,492946,V9,7/18/2024,7/18/2024,0,NONE,DATA,0,---,---,BINARY,NO,,,,,NO,NO,NO,YES,0,,,YES
OUT,QI_COMBINED_HEDIS_2024_PLD,,,HBD1_EP,1,8,159,,0,1,1152,492946,V9,7/18/2024,7/18/2024,0,NONE,DATA,0,---,---,BINARY,NO,,,,,NO,NO,NO,YES,0,,,YES
OUT,QI_COMBINED_HEDIS_2024_PLD,,,HBD1_Num,1,8,161,,0,1,1168,492946,V9,7/18/2024,7/18/2024,0,NONE,DATA,0,---,---,BINARY,NO,,,,,NO,NO,NO,YES,0,,,YES
OUT,QI_COMBINED_HEDIS_2024_PLD,,,HBD2_Denom,1,8,163,,0,1,1184,492946,V9,7/18/2024,7/18/2024,0,NONE,DATA,0,---,---,BINARY,NO,,,,,NO,NO,NO,YES,0,,,YES
OUT,QI_COMBINED_HEDIS_2024_PLD,,,HBD2_EP,1,8,162,,0,1,1176,492946,V9,7/18/2024,7/18/2024,0,NONE,DATA,0,---,---,BINARY,NO,,,,,NO,NO,NO,YES,0,,,YES
OUT,QI_COMBINED_HEDIS_2024_PLD,,,HBD2_Num,1,8,164,,0,1,1192,492946,V9,7/18/2024,7/18/2024,0,NONE,DATA,0,---,---,BINARY,NO,,,,,NO,NO,NO,YES,0,,,YES
OUT,QI_COMBINED_HEDIS_2024_PLD,,,HPCMI_AD_Denom,1,8,105,,0,1,720,492946,V9,7/18/2024,7/18/2024,0,NONE,DATA,0,---,---,BINARY,NO,,,,,NO,NO,NO,YES,0,,,YES
OUT,QI_COMBINED_HEDIS_2024_PLD,,,HPCMI_AD_EP,1,8,104,,0,1,712,492946,V9,7/18/2024,7/18/2024,0,NONE,DATA,0,---,---,BINARY,NO,,,,,NO,NO,NO,YES,0,,,YES
OUT,QI_COMBINED_HEDIS_2024_PLD,,,HPCMI_AD_Num,1,8,106,,0,1,728,492946,V9,7/18/2024,7/18/2024,0,NONE,DATA,0,---,---,BINARY,NO,,,,,NO,NO,NO,YES,0,,,YES
OUT,QI_COMBINED_HEDIS_2024_PLD,,,HVL_AD1_Denom,1,8,165,,0,1,1200,492946,V9,7/18/2024,7/18/2024,0,NONE,DATA,0,---,---,BINARY,NO,,,,,NO,NO,NO,YES,0,,,YES
OUT,QI_COMBINED_HEDIS_2024_PLD,,,HVL_AD1_Num,1,8,166,,0,1,1208,492946,V9,7/18/2024,7/18/2024,0,NONE,DATA,0,---,---,BINARY,NO,,,,,NO,NO,NO,YES,0,,,YES
OUT,QI_COMBINED_HEDIS_2024_PLD,,,HVL_AD_Num,1,8,167,,0,1,1216,492946,V9,7/18/2024,7/18/2024,0,NONE,DATA,0,---,---,BINARY,NO,,,,,NO,NO,NO,YES,0,,,YES
OUT,QI_COMBINED_HEDIS_2024_PLD,,,IET1_Denom,1,8,175,,0,1,1280,492946,V9,7/18/2024,7/18/2024,0,NONE,DATA,0,---,---,BINARY,NO,,,,,NO,NO,NO,YES,0,,,YES
OUT,QI_COMBINED_HEDIS_2024_PLD,,,IET1_Num,1,8,176,,0,1,1288,492946,V9,7/18/2024,7/18/2024,0,NONE,DATA,0,---,---,BINARY,NO,,,,,NO,NO,NO,YES,0,,,YES
OUT,QI_COMBINED_HEDIS_2024_PLD,,,IET2_Denom,1,8,177,,0,1,1296,492946,V9,7/18/2024,7/18/2024,0,NONE,DATA,0,---,---,BINARY,NO,,,,,NO,NO,NO,YES,0,,,YES
OUT,QI_COMBINED_HEDIS_2024_PLD,,,IET2_Num,1,8,178,,0,1,1304,492946,V9,7/18/2024,7/18/2024,0,NONE,DATA,0,---,---,BINARY,NO,,,,,NO,NO,NO,YES,0,,,YES
OUT,QI_COMBINED_HEDIS_2024_PLD,,,IMA1_Num,1,8,170,,0,1,1240,492946,V9,7/18/2024,7/18/2024,0,NONE,DATA,0,---,---,BINARY,NO,,,,,NO,NO,NO,YES,0,,,YES
OUT,QI_COMBINED_HEDIS_2024_PLD,,,IMA2_Num,1,8,171,,0,1,1248,492946,V9,7/18/2024,7/18/2024,0,NONE,DATA,0,---,---,BINARY,NO,,,,,NO,NO,NO,YES,0,,,YES
OUT,QI_COMBINED_HEDIS_2024_PLD,,,IMA3_Num,1,8,172,,0,1,1256,492946,V9,7/18/2024,7/18/2024,0,NONE,DATA,0,---,---,BINARY,NO,,,,,NO,NO,NO,YES,0,,,YES
OUT,QI_COMBINED_HEDIS_2024_PLD,,,IMA4_Num,1,8,173,,0,1,1264,492946,V9,7/18/2024,7/18/2024,0,NONE,DATA,0,---,---,BINARY,NO,,,,,NO,NO,NO,YES,0,,,YES
OUT,QI_COMBINED_HEDIS_2024_PLD,,,IMA5_Num,1,8,174,,0,1,1272,492946,V9,7/18/2024,7/18/2024,0,NONE,DATA,0,---,---,BINARY,NO,,,,,NO,NO,NO,YES,0,,,YES
OUT,QI_COMBINED_HEDIS_2024_PLD,,,IMA_Denom,1,8,169,,0,1,1232,492946,V9,7/18/2024,7/18/2024,0,NONE,DATA,0,---,---,BINARY,NO,,,,,NO,NO,NO,YES,0,,,YES
OUT,QI_COMBINED_HEDIS_2024_PLD,,,IMA_EP,1,8,168,,0,1,1224,492946,V9,7/18/2024,7/18/2024,0,NONE,DATA,0,---,---,BINARY,NO,,,,,NO,NO,NO,YES,0,,,YES
OUT,QI_COMBINED_HEDIS_2024_PLD,,,IPU1_Denom,1,8,181,,0,1,1328,492946,V9,7/18/2024,7/18/2024,0,NONE,DATA,0,---,---,BINARY,NO,,,,,NO,NO,NO,YES,0,,,YES
OUT,QI_COMBINED_HEDIS_2024_PLD,,,IPU1_Num,1,8,180,,0,1,1320,492946,V9,7/18/2024,7/18/2024,0,NONE,DATA,0,---,---,BINARY,NO,,,,,NO,NO,NO,YES,0,,,YES
OUT,QI_COMBINED_HEDIS_2024_PLD,,,IPU2_Num,1,8,182,,0,1,1336,492946,V9,7/18/2024,7/18/2024,0,NONE,DATA,0,---,---,BINARY,NO,,,,,NO,NO,NO,YES,0,,,YES
OUT,QI_COMBINED_HEDIS_2024_PLD,,,IPU3_Denom,1,8,188,,0,1,1384,492946,V9,7/18/2024,7/18/2024,0,NONE,DATA,0,---,---,BINARY,NO,,,,,NO,NO,NO,YES,0,,,YES
OUT,QI_COMBINED_HEDIS_2024_PLD,,,IPU3_Num,1,8,187,,0,1,1376,492946,V9,7/18/2024,7/18/2024,0,NONE,DATA,0,---,---,BINARY,NO,,,,,NO,NO,NO,YES,0,,,YES
OUT,QI_COMBINED_HEDIS_2024_PLD,,,IPU4_Num,1,8,189,,0,1,1392,492946,V9,7/18/2024,7/18/2024,0,NONE,DATA,0,---,---,BINARY,NO,,,,,NO,NO,NO,YES,0,,,YES
OUT,QI_COMBINED_HEDIS_2024_PLD,,,IPU7_Denom,1,8,192,,0,1,1416,492946,V9,7/18/2024,7/18/2024,0,NONE,DATA,0,---,---,BINARY,NO,,,,,NO,NO,NO,YES,0,,,YES
OUT,QI_COMBINED_HEDIS_2024_PLD,,,IPU7_Num,1,8,191,,0,1,1408,492946,V9,7/18/2024,7/18/2024,0,NONE,DATA,0,---,---,BINARY,NO,,,,,NO,NO,NO,YES,0,,,YES
OUT,QI_COMBINED_HEDIS_2024_PLD,,,IPU8_Num,1,8,193,,0,1,1424,492946,V9,7/18/2024,7/18/2024,0,NONE,DATA,0,---,---,BINARY,NO,,,,,NO,NO,NO,YES,0,,,YES
OUT,QI_COMBINED_HEDIS_2024_PLD,,,IPU_MAT_Denom,1,8,179,,0,1,1312,492946,V9,7/18/2024,7/18/2024,0,NONE,DATA,0,---,---,BINARY,NO,,,,,NO,NO,NO,YES,0,,,YES
OUT,QI_COMBINED_HEDIS_2024_PLD,,,IPU_SURG_Denom,1,8,196,,0,1,1448,492946,V9,7/18/2024,7/18/2024,0,NONE,DATA,0,---,---,BINARY,NO,,,,,NO,NO,NO,YES,0,,,YES
OUT,QI_COMBINED_HEDIS_2024_PLD,,,IPU_TOT_Denom,1,8,190,,0,1,1400,492946,V9,7/18/2024,7/18/2024,0,NONE,DATA,0,---,---,BINARY,NO,,,,,NO,NO,NO,YES,0,,,YES
OUT,QI_COMBINED_HEDIS_2024_PLD,,,IPUmed1_Denom,1,8,194,,0,1,1432,492946,V9,7/18/2024,7/18/2024,0,NONE,DATA,0,---,---,BINARY,NO,,,,,NO,NO,NO,YES,0,,,YES
OUT,QI_COMBINED_HEDIS_2024_PLD,,,IPUmed1_Num,1,8,183,,0,1,1344,492946,V9,7/18/2024,7/18/2024,0,NONE,DATA,0,---,---,BINARY,NO,,,,,NO,NO,NO,YES,0,,,YES
OUT,QI_COMBINED_HEDIS_2024_PLD,,,IPUmed2_Denom,1,8,184,,0,1,1352,492946,V9,7/18/2024,7/18/2024,0,NONE,DATA,0,---,---,BINARY,NO,,,,,NO,NO,NO,YES,0,,,YES
OUT,QI_COMBINED_HEDIS_2024_PLD,,,IPUmed2_Num,1,8,186,,0,1,1368,492946,V9,7/18/2024,7/18/2024,0,NONE,DATA,0,---,---,BINARY,NO,,,,,NO,NO,NO,YES,0,,,YES
OUT,QI_COMBINED_HEDIS_2024_PLD,,,IPUmed3_Denom,1,8,195,,0,1,1440,492946,V9,7/18/2024,7/18/2024,0,NONE,DATA,0,---,---,BINARY,NO,,,,,NO,NO,NO,YES,0,,,YES
OUT,QI_COMBINED_HEDIS_2024_PLD,,,IPUmed3_Num,1,8,185,,0,1,1360,492946,V9,7/18/2024,7/18/2024,0,NONE,DATA,0,---,---,BINARY,NO,,,,,NO,NO,NO,YES,0,,,YES
OUT,QI_COMBINED_HEDIS_2024_PLD,,,Insur_month,2,14,13,,0,0,2719,492946,V9,7/18/2024,7/18/2024,0,NONE,DATA,0,---,---,BINARY,NO,,,,,NO,NO,NO,YES,0,,,YES
OUT,QI_COMBINED_HEDIS_2024_PLD,,,Insur_type,2,13,14,,0,0,2733,492946,V9,7/18/2024,7/18/2024,0,NONE,DATA,0,---,---,BINARY,NO,,,,,NO,NO,NO,YES,0,,,YES
OUT,QI_COMBINED_HEDIS_2024_PLD,,,LSC_Denom,1,8,198,,0,1,1464,492946,V9,7/18/2024,7/18/2024,0,NONE,DATA,0,---,---,BINARY,NO,,,,,NO,NO,NO,YES,0,,,YES
OUT,QI_COMBINED_HEDIS_2024_PLD,,,LSC_EP,1,8,197,,0,1,1456,492946,V9,7/18/2024,7/18/2024,0,NONE,DATA,0,---,---,BINARY,NO,,,,,NO,NO,NO,YES,0,,,YES
OUT,QI_COMBINED_HEDIS_2024_PLD,,,LSC_Num,1,8,199,,0,1,1472,492946,V9,7/18/2024,7/18/2024,0,NONE,DATA,0,---,---,BINARY,NO,,,,,NO,NO,NO,YES,0,,,YES
OUT,QI_COMBINED_HEDIS_2024_PLD,,,LTSS_CAU1_Num,1,8,208,,0,1,1544,492946,V9,7/18/2024,7/18/2024,0,NONE,DATA,0,---,---,BINARY,NO,,,,,NO,NO,NO,YES,0,,,YES
OUT,QI_COMBINED_HEDIS_2024_PLD,,,LTSS_CAU_Denom,1,8,207,,0,1,1536,492946,V9,7/18/2024,7/18/2024,0,NONE,DATA,0,---,---,BINARY,NO,,,,,NO,NO,NO,YES,0,,,YES
OUT,QI_COMBINED_HEDIS_2024_PLD,,,LTSS_CAU_EP,1,8,206,,0,1,1528,492946,V9,7/18/2024,7/18/2024,0,NONE,DATA,0,---,---,BINARY,NO,,,,,NO,NO,NO,YES,0,,,YES
OUT,QI_COMBINED_HEDIS_2024_PLD,,,LTSS_CAU_Num,1,8,209,,0,1,1552,492946,V9,7/18/2024,7/18/2024,0,NONE,DATA,0,---,---,BINARY,NO,,,,,NO,NO,NO,YES,0,,,YES
OUT,QI_COMBINED_HEDIS_2024_PLD,,,LTSS_CPU1_Denom,1,8,212,,0,1,1576,492946,V9,7/18/2024,7/18/2024,0,NONE,DATA,0,---,---,BINARY,NO,,,,,NO,NO,NO,YES,0,,,YES
OUT,QI_COMBINED_HEDIS_2024_PLD,,,LTSS_CPU1_EP,1,8,210,,0,1,1560,492946,V9,7/18/2024,7/18/2024,0,NONE,DATA,0,---,---,BINARY,NO,,,,,NO,NO,NO,YES,0,,,YES
OUT,QI_COMBINED_HEDIS_2024_PLD,,,LTSS_CPU1_Num,1,8,214,,0,1,1592,492946,V9,7/18/2024,7/18/2024,0,NONE,DATA,0,---,---,BINARY,NO,,,,,NO,NO,NO,YES,0,,,YES
OUT,QI_COMBINED_HEDIS_2024_PLD,,,LTSS_CPU2_Denom,1,8,213,,0,1,1584,492946,V9,7/18/2024,7/18/2024,0,NONE,DATA,0,---,---,BINARY,NO,,,,,NO,NO,NO,YES,0,,,YES
OUT,QI_COMBINED_HEDIS_2024_PLD,,,LTSS_CPU2_EP,1,8,211,,0,1,1568,492946,V9,7/18/2024,7/18/2024,0,NONE,DATA,0,---,---,BINARY,NO,,,,,NO,NO,NO,YES,0,,,YES
OUT,QI_COMBINED_HEDIS_2024_PLD,,,LTSS_CPU2_Num,1,8,215,,0,1,1600,492946,V9,7/18/2024,7/18/2024,0,NONE,DATA,0,---,---,BINARY,NO,,,,,NO,NO,NO,YES,0,,,YES
OUT,QI_COMBINED_HEDIS_2024_PLD,,,LTSS_RAC1_Denom,1,8,221,,0,1,1648,492946,V9,7/18/2024,7/18/2024,0,NONE,DATA,0,---,---,BINARY,NO,,,,,NO,NO,NO,YES,0,,,YES
OUT,QI_COMBINED_HEDIS_2024_PLD,,,LTSS_RAC1_EP,1,8,219,,0,1,1632,492946,V9,7/18/2024,7/18/2024,0,NONE,DATA,0,---,---,BINARY,NO,,,,,NO,NO,NO,YES,0,,,YES
OUT,QI_COMBINED_HEDIS_2024_PLD,,,LTSS_RAC1_Num,1,8,223,,0,1,1664,492946,V9,7/18/2024,7/18/2024,0,NONE,DATA,0,---,---,BINARY,NO,,,,,NO,NO,NO,YES,0,,,YES
OUT,QI_COMBINED_HEDIS_2024_PLD,,,LTSS_RAC2_Denom,1,8,222,,0,1,1656,492946,V9,7/18/2024,7/18/2024,0,NONE,DATA,0,---,---,BINARY,NO,,,,,NO,NO,NO,YES,0,,,YES
OUT,QI_COMBINED_HEDIS_2024_PLD,,,LTSS_RAC2_EP,1,8,220,,0,1,1640,492946,V9,7/18/2024,7/18/2024,0,NONE,DATA,0,---,---,BINARY,NO,,,,,NO,NO,NO,YES,0,,,YES
OUT,QI_COMBINED_HEDIS_2024_PLD,,,LTSS_RAC2_Num,1,8,224,,0,1,1672,492946,V9,7/18/2024,7/18/2024,0,NONE,DATA,0,---,---,BINARY,NO,,,,,NO,NO,NO,YES,0,,,YES
OUT,QI_COMBINED_HEDIS_2024_PLD,,,LTSS_SCP_Denom,1,8,226,,0,1,1688,492946,V9,7/18/2024,7/18/2024,0,NONE,DATA,0,---,---,BINARY,NO,,,,,NO,NO,NO,YES,0,,,YES
OUT,QI_COMBINED_HEDIS_2024_PLD,,,LTSS_SCP_EP,1,8,225,,0,1,1680,492946,V9,7/18/2024,7/18/2024,0,NONE,DATA,0,---,---,BINARY,NO,,,,,NO,NO,NO,YES,0,,,YES
OUT,QI_COMBINED_HEDIS_2024_PLD,,,LTSS_SCP_Num,1,8,227,,0,1,1696,492946,V9,7/18/2024,7/18/2024,0,NONE,DATA,0,---,---,BINARY,NO,,,,,NO,NO,NO,YES,0,,,YES
OUT,QI_COMBINED_HEDIS_2024_PLD,,,Lang_MQD,2,13,306,,0,0,2778,492946,V9,7/18/2024,7/18/2024,0,NONE,DATA,0,---,---,BINARY,NO,,,,,NO,NO,NO,YES,0,,,YES
OUT,QI_COMBINED_HEDIS_2024_PLD,,,Language,2,62,8,,0,0,2578,492946,V9,7/18/2024,7/18/2024,0,NONE,DATA,0,---,---,BINARY,NO,,,,,NO,NO,NO,YES,0,,,YES
OUT,QI_COMBINED_HEDIS_2024_PLD,,,Lname,2,62,3,,0,0,2359,492946,V9,7/18/2024,7/18/2024,0,NONE,DATA,0,---,---,BINARY,NO,,,,,NO,NO,NO,YES,0,,,YES
OUT,QI_COMBINED_HEDIS_2024_PLD,,,MLTSS1_6_Denom,1,8,200,,0,1,1480,492946,V9,7/18/2024,7/18/2024,0,NONE,DATA,0,---,---,BINARY,NO,,,,,NO,NO,NO,YES,0,,,YES
OUT,QI_COMBINED_HEDIS_2024_PLD,,,MLTSS1_6_Num,1,8,201,,0,1,1488,492946,V9,7/18/2024,7/18/2024,0,NONE,DATA,0,---,---,BINARY,NO,,,,,NO,NO,NO,YES,0,,,YES
OUT,QI_COMBINED_HEDIS_2024_PLD,,,MLTSS2_6_Denom,1,8,202,,0,1,1496,492946,V9,7/18/2024,7/18/2024,0,NONE,DATA,0,---,---,BINARY,NO,,,,,NO,NO,NO,YES,0,,,YES
OUT,QI_COMBINED_HEDIS_2024_PLD,,,MLTSS2_6_Num,1,8,203,,0,1,1504,492946,V9,7/18/2024,7/18/2024,0,NONE,DATA,0,---,---,BINARY,NO,,,,,NO,NO,NO,YES,0,,,YES
OUT,QI_COMBINED_HEDIS_2024_PLD,,,MLTSS3_6_Denom,1,8,204,,0,1,1512,492946,V9,7/18/2024,7/18/2024,0,NONE,DATA,0,---,---,BINARY,NO,,,,,NO,NO,NO,YES,0,,,YES
OUT,QI_COMBINED_HEDIS_2024_PLD,,,MLTSS3_6_Num,1,8,205,,0,1,1520,492946,V9,7/18/2024,7/18/2024,0,NONE,DATA,0,---,---,BINARY,NO,,,,,NO,NO,NO,YES,0,,,YES
OUT,QI_COMBINED_HEDIS_2024_PLD,,,MLTSS_71_Num,1,8,217,,0,1,1616,492946,V9,7/18/2024,7/18/2024,0,NONE,DATA,0,---,---,BINARY,NO,,,,,NO,NO,NO,YES,0,,,YES
OUT,QI_COMBINED_HEDIS_2024_PLD,,,MLTSS_72_Num,1,8,218,,0,1,1624,492946,V9,7/18/2024,7/18/2024,0,NONE,DATA,0,---,---,BINARY,NO,,,,,NO,NO,NO,YES,0,,,YES
OUT,QI_COMBINED_HEDIS_2024_PLD,,,MLTSS_7_Denom,1,8,216,,0,1,1608,492946,V9,7/18/2024,7/18/2024,0,NONE,DATA,0,---,---,BINARY,NO,,,,,NO,NO,NO,YES,0,,,YES
OUT,QI_COMBINED_HEDIS_2024_PLD,,,MLTSS_81_Denom,1,8,228,,0,1,1704,492946,V9,7/18/2024,7/18/2024,0,NONE,DATA,0,---,---,BINARY,NO,,,,,NO,NO,NO,YES,0,,,YES
OUT,QI_COMBINED_HEDIS_2024_PLD,,,MLTSS_81_Num,1,8,230,,0,1,1720,492946,V9,7/18/2024,7/18/2024,0,NONE,DATA,0,---,---,BINARY,NO,,,,,NO,NO,NO,YES,0,,,YES
OUT,QI_COMBINED_HEDIS_2024_PLD,,,MLTSS_82_Denom,1,8,229,,0,1,1712,492946,V9,7/18/2024,7/18/2024,0,NONE,DATA,0,---,---,BINARY,NO,,,,,NO,NO,NO,YES,0,,,YES
OUT,QI_COMBINED_HEDIS_2024_PLD,,,MLTSS_82_Num,1,8,232,,0,1,1736,492946,V9,7/18/2024,7/18/2024,0,NONE,DATA,0,---,---,BINARY,NO,,,,,NO,NO,NO,YES,0,,,YES
OUT,QI_COMBINED_HEDIS_2024_PLD,,,MLTSS_83_Denom,1,8,233,,0,1,1744,492946,V9,7/18/2024,7/18/2024,0,NONE,DATA,0,---,---,BINARY,NO,,,,,NO,NO,NO,YES,0,,,YES
OUT,QI_COMBINED_HEDIS_2024_PLD,,,MLTSS_83_Num,1,8,231,,0,1,1728,492946,V9,7/18/2024,7/18/2024,0,NONE,DATA,0,---,---,BINARY,NO,,,,,NO,NO,NO,YES,0,,,YES
OUT,QI_COMBINED_HEDIS_2024_PLD,,,MemID,2,22,2,,0,0,2337,492946,V9,7/18/2024,7/18/2024,0,NONE,DATA,0,---,---,BINARY,NO,,,,,NO,NO,NO,YES,0,,,YES
OUT,QI_COMBINED_HEDIS_2024_PLD,,,OHD_Denom,1,8,284,,0,1,2152,492946,V9,7/18/2024,7/18/2024,0,NONE,DATA,0,---,---,BINARY,NO,,,,,NO,NO,NO,YES,0,,,YES
OUT,QI_COMBINED_HEDIS_2024_PLD,,,OHD_Num,1,8,285,,0,1,2160,492946,V9,7/18/2024,7/18/2024,0,NONE,DATA,0,---,---,BINARY,NO,,,,,NO,NO,NO,YES,0,,,YES
OUT,QI_COMBINED_HEDIS_2024_PLD,,,OUD_AD1_Denom,1,8,286,,0,1,2168,492946,V9,7/18/2024,7/18/2024,0,NONE,DATA,0,---,---,BINARY,NO,,,,,NO,NO,NO,YES,0,,,YES
OUT,QI_COMBINED_HEDIS_2024_PLD,,,OUD_AD1_Num,1,8,291,,0,1,2208,492946,V9,7/18/2024,7/18/2024,0,NONE,DATA,0,---,---,BINARY,NO,,,,,NO,NO,NO,YES,0,,,YES
OUT,QI_COMBINED_HEDIS_2024_PLD,,,OUD_AD2_Num,1,8,287,,0,1,2176,492946,V9,7/18/2024,7/18/2024,0,NONE,DATA,0,---,---,BINARY,NO,,,,,NO,NO,NO,YES,0,,,YES
OUT,QI_COMBINED_HEDIS_2024_PLD,,,OUD_AD3_Num,1,8,288,,0,1,2184,492946,V9,7/18/2024,7/18/2024,0,NONE,DATA,0,---,---,BINARY,NO,,,,,NO,NO,NO,YES,0,,,YES
OUT,QI_COMBINED_HEDIS_2024_PLD,,,OUD_AD4_Num,1,8,289,,0,1,2192,492946,V9,7/18/2024,7/18/2024,0,NONE,DATA,0,---,---,BINARY,NO,,,,,NO,NO,NO,YES,0,,,YES
OUT,QI_COMBINED_HEDIS_2024_PLD,,,OUD_AD5_Num,1,8,290,,0,1,2200,492946,V9,7/18/2024,7/18/2024,0,NONE,DATA,0,---,---,BINARY,NO,,,,,NO,NO,NO,YES,0,,,YES
OUT,QI_COMBINED_HEDIS_2024_PLD,,,PCR1_Denom,1,8,240,,0,1,1800,492946,V9,7/18/2024,7/18/2024,0,NONE,DATA,0,---,---,BINARY,NO,,,,,NO,NO,NO,YES,0,,,YES
OUT,QI_COMBINED_HEDIS_2024_PLD,,,PCR1_Num,1,8,241,,0,1,1808,492946,V9,7/18/2024,7/18/2024,0,NONE,DATA,0,---,---,BINARY,NO,,,,,NO,NO,NO,YES,0,,,YES
OUT,QI_COMBINED_HEDIS_2024_PLD,,,PCR2_Num,1,8,243,,0,1,1824,492946,V9,7/18/2024,7/18/2024,0,NONE,DATA,0,---,---,BINARY,NO,,,,,NO,NO,NO,YES,0,,,YES
OUT,QI_COMBINED_HEDIS_2024_PLD,,,PCR3_Denom,1,8,242,,0,1,1816,492946,V9,7/18/2024,7/18/2024,0,NONE,DATA,0,---,---,BINARY,NO,,,,,NO,NO,NO,YES,0,,,YES
OUT,QI_COMBINED_HEDIS_2024_PLD,,,PCR3_Rate,1,8,245,,0,1,1840,492946,V9,7/18/2024,7/18/2024,0,NONE,DATA,0,---,---,BINARY,NO,,,,,NO,NO,NO,YES,0,,,YES
OUT,QI_COMBINED_HEDIS_2024_PLD,,,PCR4_Num,1,8,244,,0,1,1832,492946,V9,7/18/2024,7/18/2024,0,NONE,DATA,0,---,---,BINARY,NO,,,,,NO,NO,NO,YES,0,,,YES
OUT,QI_COMBINED_HEDIS_2024_PLD,,,PPC1_Denom,1,8,265,,0,1,2000,492946,V9,7/18/2024,7/18/2024,0,NONE,DATA,0,---,---,BINARY,NO,,,,,NO,NO,NO,YES,0,,,YES
OUT,QI_COMBINED_HEDIS_2024_PLD,,,PPC1_EP,1,8,264,,0,1,1992,492946,V9,7/18/2024,7/18/2024,0,NONE,DATA,0,---,---,BINARY,NO,,,,,NO,NO,NO,YES,0,,,YES
OUT,QI_COMBINED_HEDIS_2024_PLD,,,PPC1_Num,1,8,266,,0,1,2008,492946,V9,7/18/2024,7/18/2024,0,NONE,DATA,0,---,---,BINARY,NO,,,,,NO,NO,NO,YES,0,,,YES
OUT,QI_COMBINED_HEDIS_2024_PLD,,,PPC2_Denom,1,8,268,,0,1,2024,492946,V9,7/18/2024,7/18/2024,0,NONE,DATA,0,---,---,BINARY,NO,,,,,NO,NO,NO,YES,0,,,YES
OUT,QI_COMBINED_HEDIS_2024_PLD,,,PPC2_EP,1,8,267,,0,1,2016,492946,V9,7/18/2024,7/18/2024,0,NONE,DATA,0,---,---,BINARY,NO,,,,,NO,NO,NO,YES,0,,,YES
OUT,QI_COMBINED_HEDIS_2024_PLD,,,PPC2_Num,1,8,269,,0,1,2032,492946,V9,7/18/2024,7/18/2024,0,NONE,DATA,0,---,---,BINARY,NO,,,,,NO,NO,NO,YES,0,,,YES
OUT,QI_COMBINED_HEDIS_2024_PLD,,,PPC3_Denom,1,8,271,,0,1,2048,492946,V9,7/18/2024,7/18/2024,0,NONE,DATA,0,---,---,BINARY,NO,,,,,NO,NO,NO,YES,0,,,YES
OUT,QI_COMBINED_HEDIS_2024_PLD,,,PPC3_EP,1,8,270,,0,1,2040,492946,V9,7/18/2024,7/18/2024,0,NONE,DATA,0,---,---,BINARY,NO,,,,,NO,NO,NO,YES,0,,,YES
OUT,QI_COMBINED_HEDIS_2024_PLD,,,PPC3_Num,1,8,272,,0,1,2056,492946,V9,7/18/2024,7/18/2024,0,NONE,DATA,0,---,---,BINARY,NO,,,,,NO,NO,NO,YES,0,,,YES
OUT,QI_COMBINED_HEDIS_2024_PLD,,,PPC4_Denom,1,8,274,,0,1,2072,492946,V9,7/18/2024,7/18/2024,0,NONE,DATA,0,---,---,BINARY,NO,,,,,NO,NO,NO,YES,0,,,YES
OUT,QI_COMBINED_HEDIS_2024_PLD,,,PPC4_EP,1,8,273,,0,1,2064,492946,V9,7/18/2024,7/18/2024,0,NONE,DATA,0,---,---,BINARY,NO,,,,,NO,NO,NO,YES,0,,,YES
OUT,QI_COMBINED_HEDIS_2024_PLD,,,PPC4_Num,1,8,275,,0,1,2080,492946,V9,7/18/2024,7/18/2024,0,NONE,DATA,0,---,---,BINARY,NO,,,,,NO,NO,NO,YES,0,,,YES
OUT,QI_COMBINED_HEDIS_2024_PLD,,,PQI14_Denom,1,8,256,,0,1,1928,492946,V9,7/18/2024,7/18/2024,0,NONE,DATA,0,---,---,BINARY,NO,,,,,NO,NO,NO,YES,0,,,YES
OUT,QI_COMBINED_HEDIS_2024_PLD,,,PQI14_Num,1,8,257,,0,1,1936,492946,V9,7/18/2024,7/18/2024,0,NONE,DATA,0,---,---,BINARY,NO,,,,,NO,NO,NO,YES,0,,,YES
OUT,QI_COMBINED_HEDIS_2024_PLD,,,PQI15_Denom,1,8,258,,0,1,1944,492946,V9,7/18/2024,7/18/2024,0,NONE,DATA,0,---,---,BINARY,NO,,,,,NO,NO,NO,YES,0,,,YES
OUT,QI_COMBINED_HEDIS_2024_PLD,,,PQI15_Num,1,8,259,,0,1,1952,492946,V9,7/18/2024,7/18/2024,0,NONE,DATA,0,---,---,BINARY,NO,,,,,NO,NO,NO,YES,0,,,YES
OUT,QI_COMBINED_HEDIS_2024_PLD,,,PQI16_Denom,1,8,260,,0,1,1960,492946,V9,7/18/2024,7/18/2024,0,NONE,DATA,0,---,---,BINARY,NO,,,,,NO,NO,NO,YES,0,,,YES
OUT,QI_COMBINED_HEDIS_2024_PLD,,,PQI16_Num,1,8,261,,0,1,1968,492946,V9,7/18/2024,7/18/2024,0,NONE,DATA,0,---,---,BINARY,NO,,,,,NO,NO,NO,YES,0,,,YES
OUT,QI_COMBINED_HEDIS_2024_PLD,,,PQI1_Denom,1,8,246,,0,1,1848,492946,V9,7/18/2024,7/18/2024,0,NONE,DATA,0,---,---,BINARY,NO,,,,,NO,NO,NO,YES,0,,,YES
OUT,QI_COMBINED_HEDIS_2024_PLD,,,PQI1_Num,1,8,247,,0,1,1856,492946,V9,7/18/2024,7/18/2024,0,NONE,DATA,0,---,---,BINARY,NO,,,,,NO,NO,NO,YES,0,,,YES
OUT,QI_COMBINED_HEDIS_2024_PLD,,,PQI3_Denom,1,8,248,,0,1,1864,492946,V9,7/18/2024,7/18/2024,0,NONE,DATA,0,---,---,BINARY,NO,,,,,NO,NO,NO,YES,0,,,YES
OUT,QI_COMBINED_HEDIS_2024_PLD,,,PQI3_Num,1,8,249,,0,1,1872,492946,V9,7/18/2024,7/18/2024,0,NONE,DATA,0,---,---,BINARY,NO,,,,,NO,NO,NO,YES,0,,,YES
OUT,QI_COMBINED_HEDIS_2024_PLD,,,PQI5_Denom,1,8,250,,0,1,1880,492946,V9,7/18/2024,7/18/2024,0,NONE,DATA,0,---,---,BINARY,NO,,,,,NO,NO,NO,YES,0,,,YES
OUT,QI_COMBINED_HEDIS_2024_PLD,,,PQI5_Num,1,8,251,,0,1,1888,492946,V9,7/18/2024,7/18/2024,0,NONE,DATA,0,---,---,BINARY,NO,,,,,NO,NO,NO,YES,0,,,YES
OUT,QI_COMBINED_HEDIS_2024_PLD,,,PQI7_Denom,1,8,252,,0,1,1896,492946,V9,7/18/2024,7/18/2024,0,NONE,DATA,0,---,---,BINARY,NO,,,,,NO,NO,NO,YES,0,,,YES
OUT,QI_COMBINED_HEDIS_2024_PLD,,,PQI7_Num,1,8,253,,0,1,1904,492946,V9,7/18/2024,7/18/2024,0,NONE,DATA,0,---,---,BINARY,NO,,,,,NO,NO,NO,YES,0,,,YES
OUT,QI_COMBINED_HEDIS_2024_PLD,,,PQI8_Denom,1,8,254,,0,1,1912,492946,V9,7/18/2024,7/18/2024,0,NONE,DATA,0,---,---,BINARY,NO,,,,,NO,NO,NO,YES,0,,,YES
OUT,QI_COMBINED_HEDIS_2024_PLD,,,PQI8_Num,1,8,255,,0,1,1920,492946,V9,7/18/2024,7/18/2024,0,NONE,DATA,0,---,---,BINARY,NO,,,,,NO,NO,NO,YES,0,,,YES
OUT,QI_COMBINED_HEDIS_2024_PLD,,,PQI92_Denom,1,8,262,,0,1,1976,492946,V9,7/18/2024,7/18/2024,0,NONE,DATA,0,---,---,BINARY,NO,,,,,NO,NO,NO,YES,0,,,YES
OUT,QI_COMBINED_HEDIS_2024_PLD,,,PQI92_Num,1,8,263,,0,1,1984,492946,V9,7/18/2024,7/18/2024,0,NONE,DATA,0,---,---,BINARY,NO,,,,,NO,NO,NO,YES,0,,,YES
OUT,QI_COMBINED_HEDIS_2024_PLD,,,Plan,2,20,307,,0,0,2791,492946,V9,7/18/2024,7/18/2024,0,NONE,DATA,0,---,---,BINARY,NO,,,,,NO,NO,NO,YES,0,,,YES
OUT,QI_COMBINED_HEDIS_2024_PLD,,,Population,2,3,308,,0,0,2811,492946,V9,7/18/2024,7/18/2024,0,NONE,DATA,0,---,---,BINARY,NO,,,,,NO,NO,NO,YES,0,,,YES
OUT,QI_COMBINED_HEDIS_2024_PLD,,,Race_Ethnic,2,62,7,,0,0,2516,492946,V9,7/18/2024,7/18/2024,0,NONE,DATA,0,---,---,BINARY,NO,,,,,NO,NO,NO,YES,0,,,YES
OUT,QI_COMBINED_HEDIS_2024_PLD,,,RateCode,2,22,10,,0,0,2661,492946,V9,7/18/2024,7/18/2024,0,NONE,DATA,0,---,---,BINARY,NO,,,,,NO,NO,NO,YES,0,,,YES
OUT,QI_COMBINED_HEDIS_2024_PLD,,,SAA_Denom,1,8,15,,0,1,0,492946,V9,7/18/2024,7/18/2024,0,NONE,DATA,0,---,---,BINARY,NO,,,,,NO,NO,NO,YES,0,,,YES
OUT,QI_COMBINED_HEDIS_2024_PLD,,,SAA_Num,1,8,16,,0,1,8,492946,V9,7/18/2024,7/18/2024,0,NONE,DATA,0,---,---,BINARY,NO,,,,,NO,NO,NO,YES,0,,,YES
OUT,QI_COMBINED_HEDIS_2024_PLD,,,SSD_Denom,1,8,107,,0,1,736,492946,V9,7/18/2024,7/18/2024,0,NONE,DATA,0,---,---,BINARY,NO,,,,,NO,NO,NO,YES,0,,,YES
OUT,QI_COMBINED_HEDIS_2024_PLD,,,SSD_Num,1,8,108,,0,1,744,492946,V9,7/18/2024,7/18/2024,0,NONE,DATA,0,---,---,BINARY,NO,,,,,NO,NO,NO,YES,0,,,YES
OUT,QI_COMBINED_HEDIS_2024_PLD,,,SubID,2,17,1,,0,0,2320,492946,V9,7/18/2024,7/18/2024,0,NONE,DATA,0,---,---,BINARY,NO,,,,,NO,NO,NO,YES,0,,,YES
OUT,QI_COMBINED_HEDIS_2024_PLD,,,W301_Denom,1,8,301,,0,1,2288,492946,V9,7/18/2024,7/18/2024,0,NONE,DATA,0,---,---,BINARY,NO,,,,,NO,NO,NO,YES,0,,,YES
OUT,QI_COMBINED_HEDIS_2024_PLD,,,W301_Num,1,8,302,,0,1,2296,492946,V9,7/18/2024,7/18/2024,0,NONE,DATA,0,---,---,BINARY,NO,,,,,NO,NO,NO,YES,0,,,YES
OUT,QI_COMBINED_HEDIS_2024_PLD,,,W302_Denom,1,8,303,,0,1,2304,492946,V9,7/18/2024,7/18/2024,0,NONE,DATA,0,---,---,BINARY,NO,,,,,NO,NO,NO,YES,0,,,YES
OUT,QI_COMBINED_HEDIS_2024_PLD,,,W302_Num,1,8,304,,0,1,2312,492946,V9,7/18/2024,7/18/2024,0,NONE,DATA,0,---,---,BINARY,NO,,,,,NO,NO,NO,YES,0,,,YES
OUT,QI_COMBINED_HEDIS_2024_PLD,,,WCC1_Denom,1,8,293,,0,1,2224,492946,V9,7/18/2024,7/18/2024,0,NONE,DATA,0,---,---,BINARY,NO,,,,,NO,NO,NO,YES,0,,,YES
OUT,QI_COMBINED_HEDIS_2024_PLD,,,WCC1_EP,1,8,292,,0,1,2216,492946,V9,7/18/2024,7/18/2024,0,NONE,DATA,0,---,---,BINARY,NO,,,,,NO,NO,NO,YES,0,,,YES
OUT,QI_COMBINED_HEDIS_2024_PLD,,,WCC1_Num,1,8,294,,0,1,2232,492946,V9,7/18/2024,7/18/2024,0,NONE,DATA,0,---,---,BINARY,NO,,,,,NO,NO,NO,YES,0,,,YES
OUT,QI_COMBINED_HEDIS_2024_PLD,,,WCC2_Denom,1,8,296,,0,1,2248,492946,V9,7/18/2024,7/18/2024,0,NONE,DATA,0,---,---,BINARY,NO,,,,,NO,NO,NO,YES,0,,,YES
OUT,QI_COMBINED_HEDIS_2024_PLD,,,WCC2_EP,1,8,295,,0,1,2240,492946,V9,7/18/2024,7/18/2024,0,NONE,DATA,0,---,---,BINARY,NO,,,,,NO,NO,NO,YES,0,,,YES
OUT,QI_COMBINED_HEDIS_2024_PLD,,,WCC2_Num,1,8,297,,0,1,2256,492946,V9,7/18/2024,7/18/2024,0,NONE,DATA,0,---,---,BINARY,NO,,,,,NO,NO,NO,YES,0,,,YES
OUT,QI_COMBINED_HEDIS_2024_PLD,,,WCC3_Denom,1,8,299,,0,1,2272,492946,V9,7/18/2024,7/18/2024,0,NONE,DATA,0,---,---,BINARY,NO,,,,,NO,NO,NO,YES,0,,,YES
OUT,QI_COMBINED_HEDIS_2024_PLD,,,WCC3_EP,1,8,298,,0,1,2264,492946,V9,7/18/2024,7/18/2024,0,NONE,DATA,0,---,---,BINARY,NO,,,,,NO,NO,NO,YES,0,,,YES
OUT,QI_COMBINED_HEDIS_2024_PLD,,,WCC3_Num,1,8,300,,0,1,2280,492946,V9,7/18/2024,7/18/2024,0,NONE,DATA,0,---,---,BINARY,NO,,,,,NO,NO,NO,YES,0,,,YES
OUT,QI_COMBINED_HEDIS_2024_PLD,,,WCV_Denom,1,8,51,,0,1,288,492946,V9,7/18/2024,7/18/2024,0,NONE,DATA,0,---,---,BINARY,NO,,,,,NO,NO,NO,YES,0,,,YES
OUT,QI_COMBINED_HEDIS_2024_PLD,,,WCV_Num,1,8,52,,0,1,296,492946,V9,7/18/2024,7/18/2024,0,NONE,DATA,0,---,---,BINARY,NO,,,,,NO,NO,NO,YES,0,,,YES
OUT,QI_COMBINED_HEDIS_2024_PLD,,,ZIPCode,2,21,9,,0,0,2640,492946,V9,7/18/2024,7/18/2024,0,NONE,DATA,0,---,---,BINARY,NO,,,,,NO,NO,NO,YES,0,,,YES
OUT,QI_COMBINED_HEDIS_2024_PLD,,,race_MQD,2,32,305,,0,0,2746,492946,V9,7/18/2024,7/18/2024,0,NONE,DATA,0,---,---,BINARY,NO,,,,,NO,NO,NO,YES,0,,,YES
